title,content,displaytitle,category,resourcetype,featureimage,,resourcepopupurl,filetitle,filetype,downloadablefile,externallink,audiopreview,previewonly,maindownload,note
,,,,,,,,,,,,,,,
,,,,,,,,,,,,,,,
,,,,,,,,,,,,,,,
,,,,,,,,,,,,,,,
,,,,,,,,,,,,,,,
,,,,,,,,,,,,,,,
,,,,,,,,,,,,,,,
,,,,,,,,,,,,,,,
,,,,,,,,,,,,,,,
,,,,,,,,,,,,,,,
,,,,,,,,,,,,,,,
,,,,,,,,,,,,,,,
,,,,,,,,,,,,,,,
,,,,,,,,,,,,,,,
,,,,,,,,,,,,,,,
,,,,,,,,,,,,,,,
,,,,,,,,,,,,,,,
,,,,,,,,,,,,,,,
,,,,,,,,,,,,,,,
,,,,,,,,,,,,,,,
,,,,,,,,,,,,,,,
,,,,,,,,,,,,,,,
,,,,,,,,,,,,,,,
,,,,,,,,,,,,,,,
,,,,,,,,,,,,,,,
,,,,,,,,,,,,,,,
,,,,,,,,,,,,,,,
,,,,,,,,,,,,,,,
,,,,,,,,,,,,,,,
,,,,,,,,,,,,,,,
,,,,,,,,,,,,,,,
,,,,,,,,,,,,,,,
,,,,,,,,,,,,,,,
,,,,,,,,,,,,,,,
,,,,,,,,,,,,,,,
,,,,,,,,,,,,,,,
,,,,,,,,,,,,,,,
,,,,,,,,,,,,,,,
,,,,,,,,,,,,,,,
,,,,,,,,,,,,,,,
,,,,,,,,,,,,,,,
,,,,,,,,,,,,,,,
,,,,,,,,,,,,,,,
,,,,,,,,,,,,,,,
,,,,,,,,,,,,,,,
,,,,,,,,,,,,,,,
,,,,,,,,,,,,,,,
,,,,,,,,,,,,,,,
,,,,,,,,,,,,,,,
,,,,,,,,,,,,,,,
,,,,,,,,,,,,,,,
,,,,,,,,,,,,,,,
,,,,,,,,,,,,,,,
,,,,,,,,,,,,,,,
,,,,,,,,,,,,,,,
,,,,,,,,,,,,,,,
,,,,,,,,,,,,,,,
,,,,,,,,,,,,,,,
,,,,,,,,,,,,,,,
,,,,,,,,,,,,,,,
,,,,,,,,,,,,,,,
,,,,,,,,,,,,,,,
,,,,,,,,,,,,,,,
,,,,,,,,,,,,,,,
生涯規劃2,,生涯規劃2,插圖庫|健康與生活 |個人成長,image-file,https://active-gs-pri.pearson.com.hk/wp-content/uploads/生涯規劃2,,https://active-gs-pri.pearson.com.hk/wp-content/uploads/生涯規劃2,生涯規劃2,image,https://active-gs-pri.pearson.com.hk/wp-content/uploads/生涯規劃2,,,0,0,
生涯規劃3,,生涯規劃3,插圖庫|健康與生活 |個人成長,image-file,https://active-gs-pri.pearson.com.hk/wp-content/uploads/生涯規劃3,,https://active-gs-pri.pearson.com.hk/wp-content/uploads/生涯規劃3,生涯規劃3,image,https://active-gs-pri.pearson.com.hk/wp-content/uploads/生涯規劃3,,,0,0,
生涯規劃4,,生涯規劃4,插圖庫|健康與生活 |個人成長,image-file,https://active-gs-pri.pearson.com.hk/wp-content/uploads/生涯規劃4,,https://active-gs-pri.pearson.com.hk/wp-content/uploads/生涯規劃4,生涯規劃4,image,https://active-gs-pri.pearson.com.hk/wp-content/uploads/生涯規劃4,,,0,0,
生涯規劃5,,生涯規劃5,插圖庫|健康與生活 |個人成長,image-file,https://active-gs-pri.pearson.com.hk/wp-content/uploads/生涯規劃5,,https://active-gs-pri.pearson.com.hk/wp-content/uploads/生涯規劃5,生涯規劃5,image,https://active-gs-pri.pearson.com.hk/wp-content/uploads/生涯規劃5,,,0,0,
生涯規劃6,,生涯規劃6,插圖庫|健康與生活 |個人成長,image-file,https://active-gs-pri.pearson.com.hk/wp-content/uploads/生涯規劃6,,https://active-gs-pri.pearson.com.hk/wp-content/uploads/生涯規劃6,生涯規劃6,image,https://active-gs-pri.pearson.com.hk/wp-content/uploads/生涯規劃6,,,0,0,
生涯規劃7,,生涯規劃7,插圖庫|健康與生活 |個人成長,image-file,https://active-gs-pri.pearson.com.hk/wp-content/uploads/生涯規劃7,,https://active-gs-pri.pearson.com.hk/wp-content/uploads/生涯規劃7,生涯規劃7,image,https://active-gs-pri.pearson.com.hk/wp-content/uploads/生涯規劃7,,,0,0,
生涯規劃8,,生涯規劃8,插圖庫|健康與生活 |個人成長,image-file,https://active-gs-pri.pearson.com.hk/wp-content/uploads/生涯規劃8,,https://active-gs-pri.pearson.com.hk/wp-content/uploads/生涯規劃8,生涯規劃8,image,https://active-gs-pri.pearson.com.hk/wp-content/uploads/生涯規劃8,,,0,0,
生涯規劃9,,生涯規劃9,插圖庫|健康與生活 |個人成長,image-file,https://active-gs-pri.pearson.com.hk/wp-content/uploads/生涯規劃9,,https://active-gs-pri.pearson.com.hk/wp-content/uploads/生涯規劃9,生涯規劃9,image,https://active-gs-pri.pearson.com.hk/wp-content/uploads/生涯規劃9,,,0,0,
生理周期1,,生理周期1,插圖庫|健康與生活 |個人成長,image-file,https://active-gs-pri.pearson.com.hk/wp-content/uploads/生理周期1,,https://active-gs-pri.pearson.com.hk/wp-content/uploads/生理周期1,生理周期1,image,https://active-gs-pri.pearson.com.hk/wp-content/uploads/生理周期1,,,0,0,
生理周期2,,生理周期2,插圖庫|健康與生活 |個人成長,image-file,https://active-gs-pri.pearson.com.hk/wp-content/uploads/生理周期2,,https://active-gs-pri.pearson.com.hk/wp-content/uploads/生理周期2,生理周期2,image,https://active-gs-pri.pearson.com.hk/wp-content/uploads/生理周期2,,,0,0,
生理周期3,,生理周期3,插圖庫|健康與生活 |個人成長,image-file,https://active-gs-pri.pearson.com.hk/wp-content/uploads/生理周期3,,https://active-gs-pri.pearson.com.hk/wp-content/uploads/生理周期3,生理周期3,image,https://active-gs-pri.pearson.com.hk/wp-content/uploads/生理周期3,,,0,0,
生理周期4,,生理周期4,插圖庫|健康與生活 |個人成長,image-file,https://active-gs-pri.pearson.com.hk/wp-content/uploads/生理周期4,,https://active-gs-pri.pearson.com.hk/wp-content/uploads/生理周期4,生理周期4,image,https://active-gs-pri.pearson.com.hk/wp-content/uploads/生理周期4,,,0,0,
男孩,,男孩,插圖庫|健康與生活 |個人成長,image-file,https://active-gs-pri.pearson.com.hk/wp-content/uploads/男孩,,https://active-gs-pri.pearson.com.hk/wp-content/uploads/男孩,男孩,image,https://active-gs-pri.pearson.com.hk/wp-content/uploads/男孩,,,0,0,
男孩2,,男孩2,插圖庫|健康與生活 |個人成長,image-file,https://active-gs-pri.pearson.com.hk/wp-content/uploads/男孩2,,https://active-gs-pri.pearson.com.hk/wp-content/uploads/男孩2,男孩2,image,https://active-gs-pri.pearson.com.hk/wp-content/uploads/男孩2,,,0,0,
男孩3,,男孩3,插圖庫|健康與生活 |個人成長,image-file,https://active-gs-pri.pearson.com.hk/wp-content/uploads/男孩3,,https://active-gs-pri.pearson.com.hk/wp-content/uploads/男孩3,男孩3,image,https://active-gs-pri.pearson.com.hk/wp-content/uploads/男孩3,,,0,0,
男孩受傷,,男孩受傷,插圖庫|健康與生活 |個人成長,image-file,https://active-gs-pri.pearson.com.hk/wp-content/uploads/男孩受傷,,https://active-gs-pri.pearson.com.hk/wp-content/uploads/男孩受傷,男孩受傷,image,https://active-gs-pri.pearson.com.hk/wp-content/uploads/男孩受傷,,,0,0,
男孩的身體,,男孩的身體,插圖庫|健康與生活 |個人成長,image-file,https://active-gs-pri.pearson.com.hk/wp-content/uploads/男孩的身體,,https://active-gs-pri.pearson.com.hk/wp-content/uploads/男孩的身體,男孩的身體,image,https://active-gs-pri.pearson.com.hk/wp-content/uploads/男孩的身體,,,0,0,
結婚,,結婚,插圖庫|健康與生活 |個人成長,image-file,https://active-gs-pri.pearson.com.hk/wp-content/uploads/結婚,,https://active-gs-pri.pearson.com.hk/wp-content/uploads/結婚,結婚,image,https://active-gs-pri.pearson.com.hk/wp-content/uploads/結婚,,,0,0,
結婚2,,結婚2,插圖庫|健康與生活 |個人成長,image-file,https://active-gs-pri.pearson.com.hk/wp-content/uploads/結婚2,,https://active-gs-pri.pearson.com.hk/wp-content/uploads/結婚2,結婚2,image,https://active-gs-pri.pearson.com.hk/wp-content/uploads/結婚2,,,0,0,
結婚3,,結婚3,插圖庫|健康與生活 |個人成長,image-file,https://active-gs-pri.pearson.com.hk/wp-content/uploads/結婚3,,https://active-gs-pri.pearson.com.hk/wp-content/uploads/結婚3,結婚3,image,https://active-gs-pri.pearson.com.hk/wp-content/uploads/結婚3,,,0,0,
繁殖過程1,,繁殖過程1,插圖庫|健康與生活 |個人成長,image-file,https://active-gs-pri.pearson.com.hk/wp-content/uploads/繁殖過程1,,https://active-gs-pri.pearson.com.hk/wp-content/uploads/繁殖過程1,繁殖過程1,image,https://active-gs-pri.pearson.com.hk/wp-content/uploads/繁殖過程1,,,0,0,
繁殖過程2,,繁殖過程2,插圖庫|健康與生活 |個人成長,image-file,https://active-gs-pri.pearson.com.hk/wp-content/uploads/繁殖過程2,,https://active-gs-pri.pearson.com.hk/wp-content/uploads/繁殖過程2,繁殖過程2,image,https://active-gs-pri.pearson.com.hk/wp-content/uploads/繁殖過程2,,,0,0,
繁殖過程3,,繁殖過程3,插圖庫|健康與生活 |個人成長,image-file,https://active-gs-pri.pearson.com.hk/wp-content/uploads/繁殖過程3,,https://active-gs-pri.pearson.com.hk/wp-content/uploads/繁殖過程3,繁殖過程3,image,https://active-gs-pri.pearson.com.hk/wp-content/uploads/繁殖過程3,,,0,0,
繁殖過程4,,繁殖過程4,插圖庫|健康與生活 |個人成長,image-file,https://active-gs-pri.pearson.com.hk/wp-content/uploads/繁殖過程4,,https://active-gs-pri.pearson.com.hk/wp-content/uploads/繁殖過程4,繁殖過程4,image,https://active-gs-pri.pearson.com.hk/wp-content/uploads/繁殖過程4,,,0,0,
老人,,老人,插圖庫|健康與生活 |個人成長,image-file,https://active-gs-pri.pearson.com.hk/wp-content/uploads/老人,,https://active-gs-pri.pearson.com.hk/wp-content/uploads/老人,老人,image,https://active-gs-pri.pearson.com.hk/wp-content/uploads/老人,,,0,0,
老人2,,老人2,插圖庫|健康與生活 |個人成長,image-file,https://active-gs-pri.pearson.com.hk/wp-content/uploads/老人2,,https://active-gs-pri.pearson.com.hk/wp-content/uploads/老人2,老人2,image,https://active-gs-pri.pearson.com.hk/wp-content/uploads/老人2,,,0,0,
老人3,,老人3,插圖庫|健康與生活 |個人成長,image-file,https://active-gs-pri.pearson.com.hk/wp-content/uploads/老人3,,https://active-gs-pri.pearson.com.hk/wp-content/uploads/老人3,老人3,image,https://active-gs-pri.pearson.com.hk/wp-content/uploads/老人3,,,0,0,
老人4,,老人4,插圖庫|健康與生活 |個人成長,image-file,https://active-gs-pri.pearson.com.hk/wp-content/uploads/老人4,,https://active-gs-pri.pearson.com.hk/wp-content/uploads/老人4,老人4,image,https://active-gs-pri.pearson.com.hk/wp-content/uploads/老人4,,,0,0,
胸部隆起,,胸部隆起,插圖庫|健康與生活 |個人成長,image-file,https://active-gs-pri.pearson.com.hk/wp-content/uploads/胸部隆起,,https://active-gs-pri.pearson.com.hk/wp-content/uploads/胸部隆起,胸部隆起,image,https://active-gs-pri.pearson.com.hk/wp-content/uploads/胸部隆起,,,0,0,
與家人相處,,與家人相處,插圖庫|健康與生活 |個人成長,image-file,https://active-gs-pri.pearson.com.hk/wp-content/uploads/與家人相處,,https://active-gs-pri.pearson.com.hk/wp-content/uploads/與家人相處,與家人相處,image,https://active-gs-pri.pearson.com.hk/wp-content/uploads/與家人相處,,,0,0,
與家人相處2,,與家人相處2,插圖庫|健康與生活 |個人成長,image-file,https://active-gs-pri.pearson.com.hk/wp-content/uploads/與家人相處2,,https://active-gs-pri.pearson.com.hk/wp-content/uploads/與家人相處2,與家人相處2,image,https://active-gs-pri.pearson.com.hk/wp-content/uploads/與家人相處2,,,0,0,
與家人相處3,,與家人相處3,插圖庫|健康與生活 |個人成長,image-file,https://active-gs-pri.pearson.com.hk/wp-content/uploads/與家人相處3,,https://active-gs-pri.pearson.com.hk/wp-content/uploads/與家人相處3,與家人相處3,image,https://active-gs-pri.pearson.com.hk/wp-content/uploads/與家人相處3,,,0,0,
與朋友興趣不同,,與朋友興趣不同,插圖庫|健康與生活 |個人成長,image-file,https://active-gs-pri.pearson.com.hk/wp-content/uploads/與朋友興趣不同,,https://active-gs-pri.pearson.com.hk/wp-content/uploads/與朋友興趣不同,與朋友興趣不同,image,https://active-gs-pri.pearson.com.hk/wp-content/uploads/與朋友興趣不同,,,0,0,
與異性相處,,與異性相處,插圖庫|健康與生活 |個人成長,image-file,https://active-gs-pri.pearson.com.hk/wp-content/uploads/與異性相處,,https://active-gs-pri.pearson.com.hk/wp-content/uploads/與異性相處,與異性相處,image,https://active-gs-pri.pearson.com.hk/wp-content/uploads/與異性相處,,,0,0,
與異性相處2,,與異性相處2,插圖庫|健康與生活 |個人成長,image-file,https://active-gs-pri.pearson.com.hk/wp-content/uploads/與異性相處2,,https://active-gs-pri.pearson.com.hk/wp-content/uploads/與異性相處2,與異性相處2,image,https://active-gs-pri.pearson.com.hk/wp-content/uploads/與異性相處2,,,0,0,
與異性相處3,,與異性相處3,插圖庫|健康與生活 |個人成長,image-file,https://active-gs-pri.pearson.com.hk/wp-content/uploads/與異性相處3,,https://active-gs-pri.pearson.com.hk/wp-content/uploads/與異性相處3,與異性相處3,image,https://active-gs-pri.pearson.com.hk/wp-content/uploads/與異性相處3,,,0,0,
與異性相處4,,與異性相處4,插圖庫|健康與生活 |個人成長,image-file,https://active-gs-pri.pearson.com.hk/wp-content/uploads/與異性相處4,,https://active-gs-pri.pearson.com.hk/wp-content/uploads/與異性相處4,與異性相處4,image,https://active-gs-pri.pearson.com.hk/wp-content/uploads/與異性相處4,,,0,0,
與異性相處5,,與異性相處5,插圖庫|健康與生活 |個人成長,image-file,https://active-gs-pri.pearson.com.hk/wp-content/uploads/與異性相處5,,https://active-gs-pri.pearson.com.hk/wp-content/uploads/與異性相處5,與異性相處5,image,https://active-gs-pri.pearson.com.hk/wp-content/uploads/與異性相處5,,,0,0,
與異性相處6,,與異性相處6,插圖庫|健康與生活 |個人成長,image-file,https://active-gs-pri.pearson.com.hk/wp-content/uploads/與異性相處6,,https://active-gs-pri.pearson.com.hk/wp-content/uploads/與異性相處6,與異性相處6,image,https://active-gs-pri.pearson.com.hk/wp-content/uploads/與異性相處6,,,0,0,
衣不稱身,,衣不稱身,插圖庫|健康與生活 |個人成長,image-file,https://active-gs-pri.pearson.com.hk/wp-content/uploads/衣不稱身,,https://active-gs-pri.pearson.com.hk/wp-content/uploads/衣不稱身,衣不稱身,image,https://active-gs-pri.pearson.com.hk/wp-content/uploads/衣不稱身,,,0,0,
衣不稱身2,,衣不稱身2,插圖庫|健康與生活 |個人成長,image-file,https://active-gs-pri.pearson.com.hk/wp-content/uploads/衣不稱身2,,https://active-gs-pri.pearson.com.hk/wp-content/uploads/衣不稱身2,衣不稱身2,image,https://active-gs-pri.pearson.com.hk/wp-content/uploads/衣不稱身2,,,0,0,
被同學騷擾,,被同學騷擾,插圖庫|健康與生活 |個人成長,image-file,https://active-gs-pri.pearson.com.hk/wp-content/uploads/被同學騷擾,,https://active-gs-pri.pearson.com.hk/wp-content/uploads/被同學騷擾,被同學騷擾,image,https://active-gs-pri.pearson.com.hk/wp-content/uploads/被同學騷擾,,,0,0,
被排擠,,被排擠,插圖庫|健康與生活 |個人成長,image-file,https://active-gs-pri.pearson.com.hk/wp-content/uploads/被排擠,,https://active-gs-pri.pearson.com.hk/wp-content/uploads/被排擠,被排擠,image,https://active-gs-pri.pearson.com.hk/wp-content/uploads/被排擠,,,0,0,
被排擠2,,被排擠2,插圖庫|健康與生活 |個人成長,image-file,https://active-gs-pri.pearson.com.hk/wp-content/uploads/被排擠2,,https://active-gs-pri.pearson.com.hk/wp-content/uploads/被排擠2,被排擠2,image,https://active-gs-pri.pearson.com.hk/wp-content/uploads/被排擠2,,,0,0,
被排擠3,,被排擠3,插圖庫|健康與生活 |個人成長,image-file,https://active-gs-pri.pearson.com.hk/wp-content/uploads/被排擠3,,https://active-gs-pri.pearson.com.hk/wp-content/uploads/被排擠3,被排擠3,image,https://active-gs-pri.pearson.com.hk/wp-content/uploads/被排擠3,,,0,0,
觀看色情刊物,,觀看色情刊物,插圖庫|健康與生活 |個人成長,image-file,https://active-gs-pri.pearson.com.hk/wp-content/uploads/觀看色情刊物,,https://active-gs-pri.pearson.com.hk/wp-content/uploads/觀看色情刊物,觀看色情刊物,image,https://active-gs-pri.pearson.com.hk/wp-content/uploads/觀看色情刊物,,,0,0,
觀看色情影片,,觀看色情影片,插圖庫|健康與生活 |個人成長,image-file,https://active-gs-pri.pearson.com.hk/wp-content/uploads/觀看色情影片,,https://active-gs-pri.pearson.com.hk/wp-content/uploads/觀看色情影片,觀看色情影片,image,https://active-gs-pri.pearson.com.hk/wp-content/uploads/觀看色情影片,,,0,0,
觀看色情網頁,,觀看色情網頁,插圖庫|健康與生活 |個人成長,image-file,https://active-gs-pri.pearson.com.hk/wp-content/uploads/觀看色情網頁,,https://active-gs-pri.pearson.com.hk/wp-content/uploads/觀看色情網頁,觀看色情網頁,image,https://active-gs-pri.pearson.com.hk/wp-content/uploads/觀看色情網頁,,,0,0,
訂立目標,,訂立目標,插圖庫|健康與生活 |個人成長,image-file,https://active-gs-pri.pearson.com.hk/wp-content/uploads/訂立目標,,https://active-gs-pri.pearson.com.hk/wp-content/uploads/訂立目標,訂立目標,image,https://active-gs-pri.pearson.com.hk/wp-content/uploads/訂立目標,,,0,0,
轉校,,轉校,插圖庫|健康與生活 |個人成長,image-file,https://active-gs-pri.pearson.com.hk/wp-content/uploads/轉校,,https://active-gs-pri.pearson.com.hk/wp-content/uploads/轉校,轉校,image,https://active-gs-pri.pearson.com.hk/wp-content/uploads/轉校,,,0,0,
量高度,,量高度,插圖庫|健康與生活 |個人成長,image-file,https://active-gs-pri.pearson.com.hk/wp-content/uploads/量高度,,https://active-gs-pri.pearson.com.hk/wp-content/uploads/量高度,量高度,image,https://active-gs-pri.pearson.com.hk/wp-content/uploads/量高度,,,0,0,
量高度2,,量高度2,插圖庫|健康與生活 |個人成長,image-file,https://active-gs-pri.pearson.com.hk/wp-content/uploads/量高度2,,https://active-gs-pri.pearson.com.hk/wp-content/uploads/量高度2,量高度2,image,https://active-gs-pri.pearson.com.hk/wp-content/uploads/量高度2,,,0,0,
長出鬍鬚,,長出鬍鬚,插圖庫|健康與生活 |個人成長,image-file,https://active-gs-pri.pearson.com.hk/wp-content/uploads/長出鬍鬚,,https://active-gs-pri.pearson.com.hk/wp-content/uploads/長出鬍鬚,長出鬍鬚,image,https://active-gs-pri.pearson.com.hk/wp-content/uploads/長出鬍鬚,,,0,0,
青少年,,青少年,插圖庫|健康與生活 |個人成長,image-file,https://active-gs-pri.pearson.com.hk/wp-content/uploads/青少年,,https://active-gs-pri.pearson.com.hk/wp-content/uploads/青少年,青少年,image,https://active-gs-pri.pearson.com.hk/wp-content/uploads/青少年,,,0,0,
面對青春期,,面對青春期,插圖庫|健康與生活 |個人成長,image-file,https://active-gs-pri.pearson.com.hk/wp-content/uploads/面對青春期,,https://active-gs-pri.pearson.com.hk/wp-content/uploads/面對青春期,面對青春期,image,https://active-gs-pri.pearson.com.hk/wp-content/uploads/面對青春期,,,0,0,
面對青春期2,,面對青春期2,插圖庫|健康與生活 |個人成長,image-file,https://active-gs-pri.pearson.com.hk/wp-content/uploads/面對青春期2,,https://active-gs-pri.pearson.com.hk/wp-content/uploads/面對青春期2,面對青春期2,image,https://active-gs-pri.pearson.com.hk/wp-content/uploads/面對青春期2,,,0,0,
面對青春期3,,面對青春期3,插圖庫|健康與生活 |個人成長,image-file,https://active-gs-pri.pearson.com.hk/wp-content/uploads/面對青春期3,,https://active-gs-pri.pearson.com.hk/wp-content/uploads/面對青春期3,面對青春期3,image,https://active-gs-pri.pearson.com.hk/wp-content/uploads/面對青春期3,,,0,0,
面試,,面試,插圖庫|健康與生活 |個人成長,image-file,https://active-gs-pri.pearson.com.hk/wp-content/uploads/面試,,https://active-gs-pri.pearson.com.hk/wp-content/uploads/面試,面試,image,https://active-gs-pri.pearson.com.hk/wp-content/uploads/面試,,,0,0,
鞋子不合穿,,鞋子不合穿,插圖庫|健康與生活 |個人成長,image-file,https://active-gs-pri.pearson.com.hk/wp-content/uploads/鞋子不合穿,,https://active-gs-pri.pearson.com.hk/wp-content/uploads/鞋子不合穿,鞋子不合穿,image,https://active-gs-pri.pearson.com.hk/wp-content/uploads/鞋子不合穿,,,0,0,
體重增長,,體重增長,插圖庫|健康與生活 |個人成長,image-file,https://active-gs-pri.pearson.com.hk/wp-content/uploads/體重增長,,https://active-gs-pri.pearson.com.hk/wp-content/uploads/體重增長,體重增長,image,https://active-gs-pri.pearson.com.hk/wp-content/uploads/體重增長,,,0,0,